id,dur,proto,service,state,spkts,dpkts,sbytes,dbytes,rate,sttl,dttl,sload,dload,sloss,dloss,sinpkt,dinpkt,sjit,djit,swin,stcpb,dtcpb,dwin,tcprtt,synack,ackdat,smean,dmean,trans_depth,response_body_len,ct_srv_src,ct_state_ttl,ct_dst_ltm,ct_src_dport_ltm,ct_dst_sport_ltm,ct_dst_src_ltm,is_ftp_login,ct_ftp_cmd,ct_flw_http_mthd,ct_src_ltm,ct_srv_dst,is_sm_ips_ports,attack_cat
1,0.000011,udp,-,INT,2,0,496,0,90909.0902,254,0,180363632,0,0,0,0.011,0,0,0,0,0,0,0,0,0,0,248,0,0,0,2,2,1,1,1,2,0,0,0,1,2,0,Normal
2,0.000008,udp,-,INT,2,0,1762,0,125000.0003,254,0,881000000,0,0,0,0.008,0,0,0,0,0,0,0,0,0,0,881,0,0,0,2,2,1,1,1,2,0,0,0,1,2,0,Normal
3,0.000005,udp,-,INT,2,0,1068,0,200000.0051,254,0,854400000,0,0,0,0.005,0,0,0,0,0,0,0,0,0,0,534,0,0,0,3,2,1,1,1,3,0,0,0,1,3,0,Normal
19272,0.000009,udp,dns,INT,2,0,114,0,111111.1072,254,0,50666664,0,0,0,0.009,0,0,0,0,0,0,0,0,0,0,57,0,0,0,46,2,40,40,23,46,0,0,0,40,46,0,Generic
19273,0.000005,udp,dns,INT,2,0,114,0,200000.0051,254,0,91200000,0,0,0,0.005,0,0,0,0,0,0,0,0,0,0,57,0,0,0,41,2,39,39,24,41,0,0,0,39,41,0,Generic
19274,0.000009,udp,dns,INT,2,0,114,0,111111.1072,254,0,50666664,0,0,0,0.009,0,0,0,0,0,0,0,0,0,0,57,0,0,0,34,2,9,9,9,34,0,0,0,10,34,0,Generic
19275,0.000005,udp,dns,INT,2,0,114,0,200000.0051,254,0,91200000,0,0,0,0.005,0,0,0,0,0,0,0,0,0,0,57,0,0,0,41,2,28,28,13,41,0,0,0,28,41,0,Generic
19276,0.000009,udp,dns,INT,2,0,114,0,111111.1072,254,0,50666664,0,0,0,0.009,0,0,0,0,0,0,0,0,0,0,57,0,0,0,46,2,42,42,24,46,0,0,0,42,46,0,Generic
19277,0.000003,udp,dns,INT,2,0,114,0,333333.3215,254,0,152000000,0,0,0,0.003,0,0,0,0,0,0,0,0,0,0,57,0,0,0,46,2,40,40,17,46,0,0,0,40,46,0,Generic